0,1
피부,10550
커버,9457
촉촉,5348
지속,4522
지속력,4374
사용,4079
제품,4078
파데,3893
진짜,3497
느낌,3280
쿠션,3128
색상,2803
화장,2687
얼굴,2627
정말,2518
근데,2338
건조,2295
비비,2291
생각,2099
자연,2009
수정,2003
밀착,1969
가격,1947
피부표현,1898
다크,1872
모공,1798
건성,1745
조금,1743
21호,1683
다크닝,1662
ㅠㅠ,1603
정도,1552
퍼프,1537
파운데이션,1520
처음,1511
얇게,1510
구매,1481
엄청,1481
매트,1467
무너짐,1454
약간,1428
살짝,1404
추천,1378
여름,1348
밀착력,1328
하지,1320
화사,1273
지성,1229
베이스,1210
발림,1185
만족,1134
각질,1124
트러블,1093
시간,1086
쓰기,995
겨울,993
마무리,967
표현,966
한번,958
파우더,955
적당,951
하나,941
발림성,925
기초,924
ㅋㅋ,908
브러,888
컬러,881
케이스,877
거의,873
무난,855
수정화장,852
브러쉬,837
완전,834
더블,815
23호,805
인생,783
제형,781
수분,771
더블웨어,757
제일,742
여드름,737
사람,673
리뷰,645
이걸,638
피부톤,634
홍조,623
평소,611
이것,609
부분,605
기대,602
씨씨,589
잿빛,588
보송,572
친구,565
때문,547
좋아보,533
계속,530
평가단,526
필요,514
촉촉함,511
성분,492
마음,486
짱짱,483
샘플,483
바르기,473
확실,470
아침,458
개인적,455
전혀,453
민감,447
ㅜㅜ,443
보통,434
뭔가,433
쏘쏘,432
스펀지,429
색깔,428
리필,426
구입,421
22호,415
복합,411
각질부각,407
복합성,403
좋지,401
엄마,396
쓰다,395
저렴,393
ㅠㅠㅠ,392
냄새,387
전체,386
이상,384
굿굿,383
크림,378
수정용으로,372
사실,371
않음,371
뽀송,368
고민,367
스킨,367
단독,360
어느정,355
무엇보다,354
중요,352
요철,350
끈적,350
타입,349
세일,349
대신,345
ㅋㅋㅋㅋ,345
뜨지,343
비슷,343
나름,343
중간,340
핑크베이스,340
비비크림,339
매장,332
가격대,330
세미매트,329
자체,319
건조하지,318
부각,313
유분기,312
사용중,311
백화점,307
쫀쫀,303
부담,303
우선,301
2호,300
매끈,294
완벽,291
후기,290
답답,290
싫어,290
오일,290
칙칙,289
스틱,289
아직,289
글로우,287
번들,285
깔끔,284
입술,283
주름,282
발색,281
절대,280
기름이,277
물론,276
다음,273
1호,273
이정,272
윤광,270
전체적,269
걱정,267
끼임,267
팩트,266
톤업,262
펴바,262
해야,261
그대,260
비교,259
나중,259
cc,259
선호,258
붉은기,257
물광,255
가능,254
쌩얼,254
회색빛,254
마무리감,251
에스티,251
부족,243
내용,241
로드샵,240
톡톡,239
선물,238
수분감,238
무너질때,238
피부결,238
참고,236
내용물,236
잘못,235
머리,235
기분,233
건조함,233
이름,232
은은,232
유지,231
시간지,231
하루,230
눈썹,229
브랜드,228
에스티로더,227
차이,226
유명,225
사람들,224
불편,223
용기,222
흡수,221
그닥,221
흉터,219
정착,218
내피부,217
에센스,217
신경,216
탄탄,216
ㅋㅋㅋㅋㅋ,215
상태,214
펌핑,213
강추,212
용량,212
유분이,212
효과,212
가을,210
특유,210
노란끼,209
펴발,208
기존,208
워낙,208
대박,207
남자,207
그만,206
옐로우,205
오후,202
신기,199
이번,198
핑베,196
가성비,196
1도,195
선택,194
로션,193
자국,193
불구,192
더페,190
코옆,190
손등,189
중상,188
미샤,187
좁쌀,186
티존,185
13호,184
덧발,183
데일리,183
덧바,181
뚜껑,181
그게,181
그만큼,181
들뜸,180
향도,179
쿨링감,179
호수,179
웨지,176
그거,174
아예,172
지성피부,172
쓸만,171
좋은편,170
찰떡,169
실망,169
이마,169
래스팅,169
텁텁,168
웨지퍼프,167
다양,166
글로우픽,166
본품,166
휴대,165
주변,164
보정,164
사이,164
좋은것,164
뻑뻑,163
웜톤,163
투명,163
충분,163
피부상태,162
씨씨크림,162
내장,161
머리카락,161
깨끗,160
단종,160
최악,160
소리,160
나스,160
모공끼임,160
퓨처,160
슥슥,159
17호,158
미스트,157
색감,155
윤기,155
예전,155
예쁨,155
보습,155
정리,154
잡티가,154
올리브영,154
처리,153
저녁,153
연출,152
아무래,152
기름기,151
괜찮음,151
그나마,151
악건성,151
꾸덕,150
아이보리,150
묻어남,150
좋을듯,150
그것,146
위생,146
제피부,145
다른거,145
매일,143
유목,143
건성피부,142
이만,141
기준,140
퓨처리스트,139
기억,138
쓸수,138
톤보정,138
몇번,136
매트하지,136
자꾸,136
란제리,136
베이지,135
파우더처리,135
좋긴,134
경우,134
은근,134
궁합,134
바닐라,134
대충,133
제품들,133
기본,132
추가,131
블랙,131
자기,131
하이라이터,131
그저,130
질감,129
얇게발,129
언니,129
에스쁘아,129
라이트,128
잉크,127
함께,127
진심,127
시원,125
자극,125
유목민,125
쿨톤,124
애매,124
조절,122
조합,122
회끼,122
모두,122
뾰루지,122
웬만,121
기능,121
모공부각,121
랑콤,121
면세점,120
사랑,119
깐달걀,119
쿠션들,118
시작,117
되지,117
에뛰드,117
좋은듯,117
친구들,117
날씨,116
왠만,115
세상,115
두개,115
하기,114
01,114
쓱쓱,114
간편,113
순위,113
개기름,113
회색끼,113
여러분,113
탄탄히,113
외출,112
게다,112
좋을것,112
요거,112
헤라,111
잠깐,111
쓰게,110
수정화장용,110
당황,109
에어퍼프,109
용도,109
장난,108
충분히,108
발리는데,108
아마,108
발리지,108
후회,108
래스팅실크,108
가루,107
당연,107
먼저,107
직원,107
파우치,107
핑크빛,106
주름끼임,106
3호,105
CC,105
대체,104
텍스,103
바르니까,103
우리,103
매끄,103
누드,102
점점,102
디올,102
옐베,102
우수,101
튼튼,101
한국,101
포슬린,101
샤넬,101
아이오페,101
산뜻,100
팡팡,100
있긴,100
이거만,100
클렌징,100
무리,100
재생,100
계절,99
두통,98
파우더리,97
스킨케어,97
도자기,97
예정,96
자연스러움,96
도구,96
똥퍼프,96
사악,95
아쉬움,95
립밤,94
동생,94
학생,93
직후,93
예민,93
최근,93
주근,93
3시,93
주근깨,93
제대,93
코부분,93
ㅠㅠㅠㅠㅠ,93
다음날,93
학교,92
6시,92
썬크림,92
ㄹㅇ,92
끈적임,92
4호,92
중성,91
5시,91
분명,91
100,91
할인,90
인정,90
메포,90
광채,90
뭉침,89
제품력,89
옐로베,89
그럭저럭,89
먼지,89
괜춘,88
달달,88
이후,88
둘다,88
지복합,88
일주일,88
나지,87
누렁,87
옐로베이스,87
얘기,86
다크서클,86
내추럴,86
촉촉한거,86
자외선,86
적합,85
차분,85
세안,85
옐로우베,85
4시,85
예뻐보,85
그냥저냥,85
조심,84
요철부각,84
패키지,84
현상,84
칭찬,83
코끼임,83
상아색,83
잉크래스팅,83
촉촉하긴,83
순간,83
cc크림,83
수준,82
다행,82
레이어,82
벌써,82
한톤,82
실버,82
찾다,81
한달,81
컨디션,81
틴트,81
파데들,81
꼼꼼,80
당첨,80
노란기,80
6시간,80
붉은끼,80
안색,80
발리면서,80
호불호,80
픽서,79
건강,79
눈밑,79
점심,79
존좋,79
소량으로,79
스틱파데,79
사기,78
8시,78
열심히,78
미세,77
확인,77
광고,77
너무나,77
남자친구,77
아토피,77
오렌지,77
출시,76
쓰는중,76
단지,76
어퓨,76
편리,75
여태,75
나만,75
3시간,75
화사함,75
고정,75
괜찮은거,75
유분감,75
그걸,75
생얼,75
화사해보,75
의외,75
편안,74
특별,74
크기,74
최대,74
방법,74
피부좋아보,74
쉐딩,74
그날,73
초보양,73
꾸준,72
전반적,72
환절기,72
마지막,72
실패,71
실크,71
4시간,71
면세찬,71
면세찬스,71
아이템,71
저렴이,71
손가락,71
반짝,71
나이,70
싸게,70
케바,70
속건조,70
부위,70
골드,70
영업,69
메베,69
화장대,69
손자국,69
모찌,69
섀도우,69
알게,68
궁금,68
균일,68
중간정,68
관리,68
취향,67
이거바르고,67
지복합성,67
내장퍼프,67
립스틱,67
수분부족형,66
쫀득,65
블러셔,65
바닐라코,65
완성,64
보기,64
정돈,64
포기,64
얘만,64
레이어링,64
쿨바닐라,64
바를수,64
향기,64
어두움,64
그정,63
많지,63
테스터,63
단점을,63
대부분,63
2개,63
상관,62
벨벳,62
유지력,62
텍스쳐,62
번들번들,62
몽글몽글,62
블렌딩,62
물건,61
19호,61
뗑미,61
부담스럽지,61
속당김,61
재구매의사는,61
견미리,61
올인원,61
안발,60
모공커버도,60
일본,60
두번째,60
15,60
다른제품,60
닥터자르,60
주의,59
수정할때,59
인생쿠션,59
밝은거,59
찾기,59
있는편,59
뉴트럴,59
스타일,59
제외,58
꿀템,58
감사,58
2시,58
10시,58
직원분,58
목이랑,58
정샘물,58
매트함,58
등등,58
정말정말,58
갠적,58
밝은편,58
괜찮은듯,58
이니스프리,58
닥터자르트,58
감안,57
이용,57
틴모,57
하얀편,57
이가격,57
그런것,57
볼쪽,57
펌프,57
바름,57
20대,57
앰플,57
인위적,57
땀이,57
보들,57
어플리케이터,57
실버라벨,57
직구,56
발견,56
최강,56
진정,56
3통,56
번들거리지,56
안맞아서,56
남친,56
리얼,56
이해,56
각질제거,56
조르지오,56
밝음,56
픽스,55
2통,55
핑크색,55
바비,55
광택,55
샀음,55
모이스,55
뭔지,55
도포,54
같기도,54
여드름흉터,54
괜찮은것,54
시세이,54
살살,54
그동안,54
조르,54
찾고,53
설명,53
기미,53
쿠션중,53
시세이도,53
산건데,53
착색,53
다이소,53
홈쇼핑,53
튜브,53
씨씨쿠션,53
네이처,52
극건성,52
눈가,52
스킨푸드,52
휴대성,52
이전,51
세번,51
알마니,51
다니기,51
패드,51
여름용,50
대만족,50
몇개,50
매장언니,50
내내,50
브러시,50
10호,50
핑크톤,50
밀림,50
달걀,50
되직,49
출근,49
품절,49
특이,49
감동,49
코쪽,49
꼼꼼히,49
핀란드,49
답답하지,49
가격값,49
촤르르,49
인기,49
두꺼워보,49
얘로,49
프로테일러,49
새미매트,49
튼튼히,49
중하,49
디자이너,49
스머지,49
훌륭,48
분리,48
멀쩡,48
유용,48
쓰긴,48
불편함,48
바람,48
저만,48
무너지는것,48
파데중,48
납작,48
아무것,48
초반,48
페탈,48
작년,48
촉촉합니다,48
좋은제품,48
화이트,48
번들거림,48
스노우,48
입문,47
신청,47
12시,47
화떡,47
내얼굴,47
코주변,47
실제,47
회사,47
팔자주름,47
컬러감,47
타사,47
퍼펙,47
비비중,47
촵촵,46
22호정,46
22호정도,46
입가,46
핑크끼,46
다크써클,46
볼이,46
가루날림,46
주문,45
애들,45
우리나라,45
만원,45
평생,45
애초,45
두통째,45
차단,45
될거,44
살까,44
실키,44
색조,44
촉촉한것,44
색만,44
기본적,44
상위,44
3일,44
블랙쿠션,44
뭐지,44
똥망,44
보습력,44
클레어스,44
이젠,43
칙칙해보,43
꿀피부,43
대용,43
vdl,43
사용함,43
거기다,43
촉촉하다고,43
해외,43
유수분,43
겨울철,42
여러가지,42
입생로랑,42
안쓰게,42
퇴근,42
괜찮은편,42
대비,42
아리따움,42
노랑,42
반값,42
텐션,42
흔적,42
사이즈,42
킬커버,42
될것,41
폭발,41
bb,41
모공커버는,41
주위,41
한여름,41
굳굳,41
바비브라운,41
좁쌀여드름,41
촉촉해보,41
자외선차단,41
가벼움,41
상품,41
떠보,40
심각,40
보완,40
개선,40
매력,40
쿠션제품,40
이때,40
집에서,40
구멍,40
더욱,40
느낌입니다,40
결정,40
일반적,40
코랄,40
음영,40
정확,39
말씀,39
망설,39
2번,39
제거,39
촉촉한편,39
25호,39
덕분,39
레드,39
중상정,39
7시,39
썼음,39
남성,39
알바,39
평점,39
히터,39
아래,39
12시간,39
버전,39
아빠,39
비비들,39
코옆끼임,38
물광피부,38
갈라짐,38
해결,38
베리,38
뜨기,38
종류,38
스킬,38
세포라,38
루나,38
무스,38
떨어짐,38
거부,38
1시,38
여름철,38
집앞,38
비비특유,38
소문,37
당김,37
적응,37
자고,37
이아,37
극혐,37
텍스처,37
메컵,37
여드름자국,37
노세범,37
깜짝놀,37
챱챱,37
기름종이,37
3번,37
더페이스샵,37
리무버,37
다른것,37
제품임,37
비추입니다,37
한참,37
그리기,37
자신,37
괜찮을듯,37
부들부들,37
여성,37
마스크,37
BB,37
02,37
애정,36
감탄,36
경험,36
극찬,36
익숙,36
속상,36
특징,36
아닌것,36
미세먼지,36
홍조끼,36
펴바르기,36
2년,36
사계절,36
시중,36
외관,36
페북,36
맛이,36
다른쿠션,36
심한편,36
있을것,36
이뻐보,36
파워패브릭,36
ㄷㄷ,36
다행히,36
점수,36
고민중,36
아비브,36
아이브로우,36
의문,35
미국,35
옛날,35
고려,35
피분데,35
아쿠아,35
조명,35
눈물,35
얼굴톤,35
어머니,35
시간이지,35
외국,35
이아이,35
9시,35
평균,35
펌핑기,35
푸석,35
물방울,35
자리,34
짜증,34
약속,34
아니더,34
이상한,34
바른지,34
더블래스팅,34
이거로,34
비싸긴,34
쿠팡,34
미디엄,34
이야기,34
뜨는것,34
단점도,34
한시간,34
거부감,34
rmk,34
반짝반짝,34
학생들,34
바세린,34
쓸것,33
찐득,33
그전,33
흰색,33
민낯,33
안심,33
묽지,33
백탁,33
롭스,33
메이크업베이스,33
단계,33
다른파데,33
상위권,33
관심,33
전용,33
만점,33
샌드,33
인중,33
리뷰들,33
노란색,33
비교적,33
본래,33
엘렌,33
최상,32
단단,32
딱딱,32
충격,32
웜바닐라,32
기초화장,32
화장안,32
사진,32
광대,32
오랫,32
베이스메이크업,32
단독사용,32
하이라이트,32
트러블자국,32
얘도,32
뿜뿜,32
1시간,32
행복,31
시향,31
시도,31
많음,31
쿠션파데,31
없는편,31
퓨쳐리스트,31
한마디,31
비추천,31
조금이라,31
시멘트,31
말그,31
말그대,31
사은품,31
바디,31
y2,31
30분,31
수정하기,31
블랙헤드,31
브라이트,31
운동,30
상큼,30
적절,30
당시,30
안녕,30
택배,30
오전,30
버튼,30
상아빛,30
수정화장하기,30
피부표현력,30
쿨포슬린,30
꾹꾹,30
VDL,30
몇통,30
쿠션퍼프,30
구매하게,30
한겹,30
에어쿠션,30
입주변,30
반신반의,30
모공브러쉬,30
점도,30
만족함,30
블로그,30
CC크림,30
갑갑,29
찝찝,29
표현력,29
중앙,29
비싼값,29
한겨울,29
레알,29
한두번,29
섞어쓰기,29
소셜,29
페인트,29
중건,29
이사,29
건강해보,29
경계,29
차앤박,29
진가,29
인터넷으로,29
하얀색,29
어두운편,29
브라운,29
않은거,29
아기,29
내츄럴,29
매끈해보,29
톤다운,29
5점,29
쪼금,29
안한듯,29
경향,29
ㄴㄴ,29
그다음,29
홀리카,29
나가기,29
판매,28
찍힘,28
심플,28
새틴,28
밀착감,28
파데브러,28
중건성,28
바르는것,28
3년,28
어두워보,28
반대,28
6개,28
00호,28
들고다니기,28
스폰지,28
비비쿠션,28
블랑드펄,28
향료,28
한개,28
답답함,28
자기전,28
펜슬,28
스크류,28
선정,27
어색,27
부실,27
용이,27
보이더,27
왓슨스,27
신상,27
흙빛,27
두가지,27
얼굴전체,27
매직,27
그럴수,27
어려움,27
2만원,27
리얼테크닉,27
반반,27
중점,27
메리트,27
노란빛,27
더이상,27
액체,27
안쪽,27
노란편,27
행사,27
유투버,27
국내,27
구석,27
포함,27
투고,27
발리긴,27
이벤트,27
핏미,27
아모레,27
솜사탕,27
앵간,26
무척,26
창백,26
올영,26
느끼기,26
플라스틱,26
위주로,26
많은편,26
종종,26
바르기전,26
매트한거,26
쿨본,26
딴거,26
목적,26
밝아보,26
어두운거,26
속건성,26
속는셈,26
솜털,26
발리는거,26
친구꺼,26
믹스해서,26
잘맞고,26
두세번,26
갠춘,26
색소침착,26
여러모,26
그위,26
팍팍,26
리뉴얼전,26
세일때,26
단지형,26
튜브형,26
메탈,26
알레그로,26
가위,26
cc쿠션,26
불안,25
강력,25
낭낭,25
회색기,25
그중,25
괜찮을것,25
만약,25
편임,25
파데브러쉬,25
래실,25
민감성피부,25
아이라이너,25
호기,25
사용할수,25
A02,25
무지,25
바른것,25
뗑미라클,25
수분부족지성,25
마몽드,25
세트,25
어제,25
스킨로션,25
지성용,25
톤정리,25
21p,25
포니,25
포장,25
브로우,25
그라,25
갈때,24
한거,24
촘촘,24
미안,24
검정,24
화장실,24
수부지인데,24
화사하지,24
못바,24
성공,24
혈색,24
일년,24
안좋아보,24
이하,24
추천하지,24
발리는것,24
섞어쓰는데,24
파데임,24
톡톡톡,24
밝은걸,24
온라인,24
지문,24
이거하나,24
별로인듯,24
도자기피부,24
가부키,24
영양,24
무난함,24
펌핑형,24
가리기,24
여리,24
빌리프,24
맨들,24
그라데이션,24
그외,23
따뜻,23
방치,23
좋기,23
이만큼,23
생활,23
가격때문,23
섞어발,23
호기심,23
베이지색,23
촥촥,23
이사배,23
편견,23
베리떼,23
목색,23
매일매일,23
로르,23
24호,23
반톤정,23
반톤정도,23
01호,23
그런느낌,23
패스,23
풀커버,23
톤업크림,23
바른듯,23
끈적거리지,23
콧대,23
엉망,23
기름광,23
초록,23
상대,23
5천원,23
도움,23
민트,23
수분광,23
티안,22
안뭉,22
합격,22
그에,22
돌긴,22
검색,22
2통째,22
보송함,22
등극,22
메이크업포에버,22
속광,22
잘어울,22
파워지성,22
괜찮긴,22
겨울용,22
쓰시기,22
나은듯,22
건조한편,22
그점,22
민감성인데,22
요것,22
얼마전,22
눈이,22
이런느낌,22
저번,22
화장솜,22
혹시나,22
티슈,22
묻어나옴,22
있을듯,22
유튜버,22
요걸로,22
베네피트,22
콜라보,22
되는듯,22
동시,22
찹찹,22
바른후,22
쪼끔,22
그럴때,22
목에,22
23호정,22
23호정도,22
쓰는것,22
증정,22
갈색,22
한두시간,22
적당량,22
분홍색,22
리프트,22
매트한편,22
101호,22
584,22
기가,21
제격,21
무시,21
추구,21
밝긴,21
환해보,21
극지성,21
장단점,21
색상선택,21
될정도,21
세통째,21
피부관리,21
마법,21
세정,21
바닥,21
다름,21
가운데,21
생각중,21
진저,21
촉촉하기도,21
인생탬,21
할정,21
할정도,21
백화점브랜드,21
쓰던거,21
대체적,21
홍보,21
건성들,21
중간중간,21
누런끼,21
주름부각,21
바르긴,21
두시간,21
03,21
노답,21
결광,21
알콜,21
맨얼굴,21
201호,21
수지,21
할듯,20
1인,20
호환,20
예술,20
독특,20
거지,20
일정,20
1번,20
사긴,20
가방,20
무난템,20
BR,20
싶을정,20
싶을정도,20
계열,20
잔뜩,20
똥템,20
상황,20
반면,20
가려주지,20
오후쯤,20
남들,20
나온것,20
기대이,20
슬림,20
콧등,20
쿠션타입,20
21호정,20
고렴이,20
서랍,20
코팅,20
빠뤼르,20
뉴트럴톤,20
이쁩니다,20
어딘가,20
23호인데,20
장미향,20
페리페라,20
좋았던것,20
5개,20
수정메이크업,20
루미너스,20
상대적,20
페바,20
누디즘,20
아가,20
남자들,20
모데라토,20
슈라멕,20
할것,19
부탁,19
형식,19
피곤,19
불량,19
보호,19
22호쯤,19
제조,19
번거,19
고정력,19
외곽,19
피카소,19
누렇지,19
제기준,19
쿠폰,19
제얼굴,19
알코올,19
건조하기,19
귀차니즘,19
비율,19
수정화장시,19
하긴,19
21호정도,19
의견,19
어느날,19
앞머리,19
간단히,19
찬스,19
칙칙함,19
안경,19
파운데이션들,19
쿠션스틱,19
내인생,19
정석,19
거품,19
묽은제형,19
사무실,19
점심시간,19
무기자차,19
5시간정,19
물광효과,19
동네,19
젤크리미,19
주르륵,19
프로폴리스,19
존좋템,19
꿀광,19
핑크베이지,19
동글동글,19
정도임,19
롱래스팅,19
선스틱,19
세안후,19
전범기업,19
다른비비,19
스머지오렌지,19
새벽,18
살수,18
요약,18
깜놀,18
최애템,18
발랏을때,18
충동,18
저냥,18
그런듯,18
건성용,18
취향저격,18
납작브러쉬,18
70,18
75,18
사용시,18
나을듯,18
색상들,18
결점,18
악지성,18
ex,18
매트한것,18
본연,18
v201,18
평상,18
바른직후,18
더러워보,18
기대한,18
사용법,18
할머니,18
발라줬는데,18
6개월,18
면봉,18
스틱파운데이션,18
땀도,18
개인차,18
번짐,18
복숭아,18
본통,18
안쓰다,18
기초제품,18
좋아함,18
4일,18
디자이너리프트,18
맞는것,18
듀얼,18
칼바람,18
수시,18
실수,18
풀메,18
스파,18
화농성,18
퍼펙트,18
톤업이,18
퓨어,18
고등학교,18
강조,17
주관,17
구경,17
탱탱,17
벗어,17
자칫,17
레이어드,17
적립금,17
오랜시간,17
다써봤는데,17
예쁜편,17
어반디케이,17
입소문,17
봄가,17
웜포슬린,17
기대감,17
나비존,17
옷에,17
까다,17
소용,17
눈화장,17
가뭄,17
피부임,17
똥손,17
잔주름,17
평상시,17
베이스류,17
텁텁해보,17
담날,17
오후가,17
중고,17
없기,17
깨끗해보,17
9시간,17
시즌,17
뜨는감,17
퍼펙팅,17
동양,17
몇년전,17
수분부족형지성,17
촉촉한걸,17
턱에,17
이중,17
역대급,17
유통기한,17
3만원,17
지베르니,17
토니모리,17
1로,17
한것,17
이런것,17
산유국,17
찰떡궁합,17
휴지로,17
좋을꺼,17
구성,17
말했듯,17
커버하기,17
흡수력,17
깔끔해보,17
보라색,17
파라벤,17
쿠션임,17
아토팜,17
발색력,17
애교,17
하드,17
알렉스,17
자몽,17
권장,16
값어,16
폭탄,16
원가,16
고집,16
말랑,16
쓴것,16
11시,16
캐트리스,16
22호인데,16
않은것,16
가치,16
땡미라클,16
봄가을,16
모든면,16
사려다,16
신제품,16
노랗다고,16
워터리,16
건조한것,16
피팅,16
필수템,16
모습,16
갓샘물,16
페어라이트,16
기분탓,16
스트롭,16
홋수,16
동양인,16
부분적으로,16
돈값,16
값어치,16
노란베이스,16
원래피부,16
스틱형,16
미백크림,16
필요하지,16
나쁜점,16
구매했음,16
보습감,16
콧볼,16
주관적,16
주황색,16
빛이,16
쟂빛,16
핸드폰,16
되는편,16
사이트,16
막발라,16
막발라도,16
체험단,16
함유,16
50퍼,16
아줌마,16
브라이트닝,16
허브향,16
감당,16
레몬,16
쌩얼인척,16
회빛,16
로지,16
의심,16
필링,16
애교살,16
모공파데,16
비비임,16
피부재생,16
꼬리,16
둘째,15
뜨긴,15
나긴,15
섬세,15
오묘,15
끄떡,15
얇게발림,15
24시간,15
제품명,15
황달,15
비싼만큼,15
명성,15
두번정,15
옐로우톤,15
요고,15
더블이,15
극강,15
파운데이션중,15
기술,15
자극적이지,15
용량대비,15
코옆부분,15
건조하긴,15
블랜딩,15
3개월,15
쿠션유목민,15
물먹인퍼프,15
값을,15
표면,15
인생템이라고,15
시절,15
후회중,15
거짓,15
세럼,15
부담이,15
때까지,15
중성피부,15
써본결,15
이사배님,15
그뒤,15
끈적거림,15
능력,15
만족만족,15
다양하지,15
신경쓰일,15
일주일정,15
아니기,15
쓰는편,15
이득,15
오프라인,15
도는것,15
예쁜피부,15
강철,15
유지가,15
11호,15
리필용,15
휴대용으로,15
쫙쫙,15
안바른것,15
지울때,15
물방울퍼프,15
피부연출,15
케어,15
쿨링효과,15
콩알,15
보석,15
체리,15
초록색,15
무료,15
몽블랑,15
v02,15
비누,15
주제,15
욕실,15
말끔,14
큰편,14
넉넉,14
들긴,14
무언,14
미묘,14
요아,14
건조할수,14
예쁜것,14
고르기,14
에디션,14
금액,14
답답해보,14
사용하긴,14
색임,14
많기,14
모공프라이머,14
할인할때,14
30대,14
지성들,14
말할것,14
색상때문에,14
무언가,14
수분베이스,14
미간,14
발린다고,14
과정,14
기초케어,14
스트롭크림,14
밝은톤,14
무광,14
절반,14
하늘,14
후기들,14
내구성,14
내기준,14
싶은날,14
득템,14
써봤고,14
해외여행,14
노랑노랑,14
반응,14
거짓말,14
근처,14
두께감,14
실내,14
손톱,14
매트한걸,14
뻑뻑하지,14
페이스오일,14
원조,14
퍼석,14
오른쪽,14
구매했던,14
대박템,14
치크,14
환상,14
서로,14
생일선물,14
다른사,14
싶기,14
밸런스,14
무거운느낌,14
레이저,14
마스크팩,14
쬐끔,14
세시,14
좔좔,14
상처,14
없어보,14
제법,14
뜨기도,14
세일기간,14
한방울,14
펌프형,14
쓰레기통,14
애정템,14
소프트,14
샘플지,14
개별,14
맞을거,14
거기서,14
민트색,14
과일,14
아모레퍼시픽,14
씬님,14
내눈,14
아가타,14
물기,13
도톰,13
강점,13
우아,13
무너진다기,13
나스쿠션,13
진작,13
면적,13
써봤다,13
덧바르기,13
스무,13
사용후기,13
유전,13
적은양으로,13
열감,13
텁텁하지,13
지저분해보,13
5만원,13
완벽함,13
주황빛,13
생기있어보,13
정착템,13
오일리한,13
뽀송함,13
않기,13
메이크업용,13
다음번,13
왕모공,13
화장전,13
학생분들,13
될만,13
두꺼운느낌,13
기간,13
싶다가,13
감격,13
주변사,13
세가지,13
혁명,13
얼굴빛,13
촉촉히,13
쓰는걸,13
페어핑크,13
올라오는거,13
안맞는것,13
리필포함,13
가격면,13
절대안,13
노랭,13
남편,13
왜때문,13
미라클,13
양감,13
스틱타입,13
갑오브갑,13
업그레이드,13
만족중,13
Y225,13
촉촉한파데,13
정품,13
그정도로,13
코렉터,13
화이트헤드,13
재구매하고,13
조건,13
영향,13
봉타입,13
건조한느낌,13
아이보리색,13
기대이상,13
중화,13
재구매를,13
적은거,13
내피부색,13
세시간,13
도는거,13
첫화장,13
전화,13
시험,13
안되더,13
보이긴,13
2만원대,13
미끌,13
만족도,13
탄력,13
적은편,13
홈페이지,13
건조한감,13
사용하시기,13
쿠팡직구,13
20살,13
달걀귀신,13
Y21,13
y21,13
크림타입,13
묻어나오지,13
시트,13
오이,13
저자극,13
잔향,13
6시간정,13
살색,13
하얀편인데,13
파운웨어,13
반트,13
독일,13
스킨79,13
재생크림,13
스크류브러,13
스크류브러쉬,13
확연,12
방황,12
유행,12
빵빵,12
버스,12
이외,12
신중,12
젤리,12
염색,12
흰편,12
테스트해봤는데,12
면세추천,12
스테,12
실리콘,12
아파보,12
한정판,12
재질,12
극단,12
여지,12
속도,12
건성피부인데,12
후덜덜,12
나을거,12
번째,12
직원언니,12
토닥,12
17호정,12
17호정도,12
햇는데,12
예쁘긴,12
15호,12
지우기,12
대용량,12
네이처리퍼블릭,12
자극도,12
뚜들,12
네통,12
가을웜,12
쓰기전,12
말할것도,12
커버력때문,12
3번째,12
조화,12
기초공사,12
사이사이,12
슬림핏,12
5분,12
먹음,12
두루두,12
입주위,12
기름져보,12
베이스들,12
내피부톤,12
안되는거,12
비싼것,12
낮음,12
수정안,12
패키징,12
동그,12
모자,12
매장직원,12
6만원,12
적당함,12
본디스웨,12
밝은색상,12
컨트롤,12
란제리드뽀,12
무너지긴,12
방식,12
메이컵,12
컨투어,12
인듯,12
양조절하기,12
개취,12
앞볼,12
싶기도,12
소비자,12
결론적,12
턱쪽,12
감쪽,12
기회가,12
다크닝현상,12
결정적,12
어두워짐,12
매트하기,12
통이,12
포에버,12
고대,12
건조하기도,12
마트,12
단품,12
공홈,12
트루,12
첫번째,12
200,12
이만원,12
좋으신분들,12
여름에쓰기,12
뭍어남,12
분홍빛,12
시리즈,12
좋아하기,12
지성임,12
알러지,12
네트,12
그린베이스,12
모닝광,12
올라왔을때,12
용서,12
바르듯,12
쵹쵹,12
스타실러,12
입체감,12
전엔,12
하이라이팅,12
고등학교때,12
110호,12
포니이펙트,12
귀여움,12
애굣살,12
미용,12
무펄,12
그지,11
식겁,11
생략,11
돋보,11
없긴,11
착각,11
내꺼,11
안좋다고,11
극단적,11
깨달음,11
추천해주고,11
구하기,11
남아있음,11
기대했던,11
전날,11
중심,11
다른색,11
1달,11
얇은데,11
나올때,11
촤르르르,11
선호함,11
챠르르,11
어두운걸,11
바른티,11
하는듯,11
콧망울,11
화사한느낌,11
하얘보,11
각질서치,11
둘중,11
수정화장안,11
세번째,11
눈두덩이,11
발랐음,11
지속력짱,11
유명세,11
다크닝때문,11
편인듯,11
V201,11
주변사람들,11
블로거,11
뻑뻑함,11
점원,11
거뭇,11
피지분비,11
어두운것,11
바르셔야,11
쿠션류,11
칙칙하지,11
다섯시,11
아쉬운데,11
손목,11
피지오겔,11
비싸기,11
세미매트정,11
세미매트정도,11
사용했음,11
밝은컬러,11
시너지,11
색인데,11
볼터치,11
뜨는느낌,11
지속력면,11
컨투어링,11
이것만으로,11
최적화,11
화장후,11
못미,11
백화점파데,11
플레,11
노랗긴,11
떨어지긴,11
촉감,11
순위권,11
자연스러우면서,11
하이라이터용,11
3가지,11
저가,11
써보다가,11
파데색,11
여자들,11
밝은것,11
어느순간,11
여러겹,11
단점들,11
찍어발,11
2가지,11
피부좋아보인다고,11
듀얼커버,11
햇빛,11
코밑,11
보통정,11
2번째,11
안한거,11
안끈적,11
이미지,11
통통,11
맞을것,11
각질파티,11
공기,11
1주일,11
두세시간,11
화장품냄새,11
소유자,11
무향,11
비실크,11
안바른거,11
반복,11
알엠케,11
바깥,11
에어리,11
요놈,11
금색,11
지인들,11
괜찮은제품,11
떨어지는거,11
물놀이,11
젤타입,11
오빠,11
고체형,11
흰끼,11
매트립,11
새거,11
쉐이딩,11
닦토,11
페이스북,11
콧물,11
짐승,11
폼클,11
방금,11
00알레그,11
이비비,11
펄감,11
3000원,11
혜리비비,11
클렌징워터,11
백조쿠션,11
필워터,11
뭘발,10
무색,10
신박,10
두툼,10
대학생,10
색들,10
최소한,10
구매하기,10
가격값을,10
기름짐,10
저것,10
얘들,10
3월,10
모공들,10
이쁜편,10
대체품,10
겉으,10
사랑합니다,10
관계,10
손등테스트,10
핑크기,10
붓자국,10
각질관리,10
질문,10
후회안,10
위메프,10
유목생활,10
매트하긴,10
싶긴,10
드럭스토어,10
여유,10
지갑,10
v103,10
잘되는편,10
본사,10
하나하나,10
이것때문,10
네이버,10
미샤퍼프,10
코덕,10
좋은사람,10
3분,10
뜰때,10
점성,10
애기피부,10
커버도잘,10
바른느낌,10
밝은느낌,10
두들두들,10
깐달걀피부,10
파데인듯,10
보일수,10
중간쯤,10
올라오긴,10
내장브러,10
내장브러쉬,10
까만편,10
겹겹,10
아침화장,10
한듯안한듯,10
믿음,10
자연광,10
결보정,10
봄여름가을,10
인식,10
커버용,10
환경,10
있어보,10
키엘,10
RMK,10
쿠션자체,10
배어글로우,10
무게감,10
앰플비비,10
바탕,10
중요하지,10
묽은편,10
두꺼운화장,10
각질들,10
스패츌러,10
홍조피부,10
충격적,10
피부요철,10
별로인것,10
이놈,10
안티에이징,10
올리기,10
2차,10
케이스때문,10
메쉬망,10
속에서,10
여행용,10
화이트닝,10
광대쪽,10
아저씨,10
핑크로즈,10
나오긴,10
물광표현,10
팔레트,10
푹신,10
오슬로,10
써보기,10
a02,10
유트루님,10
핸드크림,10
그후,10
마데카소사이드,10
피부톤보정,10
크림아이보리,10
천연,10
50ml,10
속눈썹,10
베러댄코랄,10
아쿠아밤,10
물안,9
도착,9
해외여행추천,9
겨울내내,9
살구색,9
정상,9
서양,9
쿠션케이스,9
직전,9
19호정도,9
피부보정,9
이곳,9
그날그날,9
하는편,9
억지,9
열시,9
집중,9
옆쪽,9
피부속,9
턱부분,9
올라올때,9
각각,9
써본것중,9
눈시림,9
호갱,9
민감한편,9
기초탄탄히,9
피붓결,9
코끝,9
별차이,9
괜찮아보,9
구분,9
피부안,9
중간톤,9
그런점,9
맨처음,9
좀많,9
제피부톤,9
데일리템,9
싼가격,9
파우더타입,9
찰나,9
반들반들,9
배이스,9
이거때문,9
물티슈,9
건성인저,9
아울렛,9
실험,9
만만,9
테크닉,9
섞어씀,9
중앙부,9
4시간정도,9
컨셉,9
더쿠스틱,9
잇츠스킨,9
달팽,9
극도,9
겨울에쓰기,9
신기방기,9
연예인,9
차르르,9
반사,9
펄베이스,9
목색깔,9
답답한느낌,9
검은색,9
쳐발,9
블렌더,9
커버쿠션,9
나온편,9
양쪽,9
하얀피부,9
은은한광,9
약한편,9
코주위,9
미니사이즈,9
BB크림,9
촉촉한제형,9
흉터자국,9
리퀴드타입,9
유수분밸런스,9
윤광피부,9
안바른듯,9
오바,9
창렬,9
발리는듯,9
살까말까,9
살짝살짝,9
00N,9
비싼가격,9
퍼펙션,9
낯빛,9
칫솔브러쉬,9
화장품향,9
홀리데,9
티존부위,9
y215,9
맑아보,9
화장품들,9
티트리,9
은색,9
수습,9
퍼프자국,9
매쉬,9
여타,9
촉촉한느낌,9
쌩얼메이크업,9
일어남,9
비싼감,9
오리지널,9
쿠션부분,9
세안하고,9
비욘드,9
클렌징폼,9
2시간만,9
린넨,9
탈크,9
립이,9
무스타입,9
784,9
모찌비비,9
물광비비,9
진정효,9
비앰비,9
분위기,9
짱구,9
눈썹숱,9
문릿,9
오렌지색,9
잇긴,8
끔찍,8
세심,8
얇게발리는데,8
홍조커버는,8
저녁쯤,8
공간,8
보이는것,8
로고,8
ㄱㅊㄱㅊ,8
프레쉬,8
결표현,8
끈적하지,8
기적,8
초이스,8
8만원,8
보일정도,8
지속력때문,8
15000원,8
촉촉한제품,8
변경,8
오염,8
타제품,8
가을웜톤,8
장점으,8
후반,8
독보적,8
효자템,8
로드샵파데,8
추정,8
기름폭발,8
남성분들,8
병원,8
펌프식,8
뭉치기,8
두배,8
많은분들,8
각질부자,8
베이지톤,8
어두운느낌,8
사막,8
컬러들,8
국소부위,8
티존지성,8
팩트들,8
매장직원분,8
기초단계,8
카테고리,8
정보,8
부족함,8
엄마들,8
인간,8
결과적,8
중요한날,8
이쁜피부,8
지속력대박,8
케익,8
입문템,8
촉촉촉,8
일을,8
같은느낌,8
생각하기,8
밑이,8
여신,8
코모공,8
과장,8
3만원대,8
어두운감,8
옆부분,8
입구부분,8
간질간질,8
연속,8
대리석,8
까매보,8
과거,8
어머님,8
아몬드,8
편안함,8
화면,8
핏줄,8
원쁠원,8
천사,8
2달,8
부족한느낌,8
별도,8
복합성분들,8
코렉팅,8
노란톤,8
폭풍,8
시멘트색,8
트렌드,8
정성,8
사태,8
고구마,8
5000원,8
손색,8
염려,8
욕구,8
피부좋아보이게,8
쿠션쓰다,8
이름그대,8
인정합니다,8
재미,8
각도,8
상자,8
이질감,8
제공,8
골드펄,8
쉬머,8
베이스용,8
샤넬쿠션,8
투고쿠션,8
삼각존,8
신기할,8
피부염,8
상상,8
우리엄마,8
외출용,8
남자분들,8
매력적,8
화장한듯,8
피부색깔,8
서치,8
네이쳐,8
텐션망,8
63호,8
내스타일,8
인공적,8
귀찮음,8
붉은색,8
뒷부분,8
주의성분,8
가장자리,8
포어컨트롤,8
파우더리스,8
꾸덕함,8
산것,8
튜브타입,8
아버지,8
두달,8
막바르기,8
루비셀,8
스티커,8
클워,8
설마,8
워터그립,8
콜라겐,8
길이,8
귀찮은날,8
본품구매,8
마사지,8
스와니코코,8
9900원,8
투명광,8
에너지,8
cc중,8
견고,7
꼽으,7
망정,7
분해,7
피부색인데,7
쿠션인듯,7
왠지모,7
몇개월,7
각자,7
밝은감,7
장난감,7
현실,7
검정색,7
아티스트,7
더러움,7
잘되는것,7
겉보송,7
안맞는걸,7
봄가을겨울,7
촉촉한듯,7
화사한편,7
뻑뻑한감,7
습기,7
보정용,7
토닥토닥,7
폭망,7
면세가,7
극악,7
포슬린색상,7
파운데이션임,7
지복합성피부,7
SNS,7
볼록,7
대박적,7
안예뻐보,7
하이드라,7
뜬적,7
별기대,7
밀도,7
어떤걸,7
덜덜,7
유튜버들,7
성격,7
박수,7
쳐박템,7
산산,7
어른들,7
발리기는,7
밀듯,7
찾으시는분,7
쓸정도,7
계획,7
방판,7
노랑끼,7
구매대행,7
10만원,7
고급스러움,7
생크림,7
옐로톤,7
홍조때문,7
않을듯,7
쌩얼화장,7
유리병,7
화장한것,7
탱글,7
안정감,7
동영상,7
깔끔하지,7
부피,7
용돈,7
큰모공,7
안되는것,7
고와보,7
붓이,7
누런편,7
제일밝은색,7
밝은듯,7
색상자체,7
저기,7
여분,7
귀신,7
저렴한편,7
섞었을때,7
20대초반,7
3점,7
강한편,7
그에비,7
뜰거,7
통화,7
마케팅,7
심했음,7
체크,7
예쁜피부표현,7
바램,7
두겹,7
그당시,7
28000원,7
난국,7
판단,7
사용하는것,7
히터바람,7
승무원,7
유분폭발,7
오일미스트,7
약한것,7
끼임현상,7
제형때문,7
비슷한듯,7
공병,7
그야말,7
이런느낌이,7
밝혀주기,7
슬픔,7
어둑,7
가성비갑,7
뜨기만,7
본인피부,7
와중,7
안타까움,7
누드아이보리,7
물틴트,7
조명아래,7
펌핑용기,7
만오천원,7
되기전,7
바깥쪽,7
해당,7
연상,7
수영장,7
친구분,7
이쁘긴,7
모험,7
모를정도,7
극호,7
매끈함,7
클렌징티슈,7
순한제품,7
모공쟁이,7
말하기,7
피부메이크업,7
합리적,7
객관적,7
파데쓰다,7
변신,7
유해성분,7
CC쿠션,7
써본적,7
비타민,7
태국,7
성공적,7
메탈쿠션,7
피부표면,7
올라오기,7
연고,7
수딩젤,7
약냄새,7
나왔음,7
회복,7
쫀쫀함,7
뿌리기,7
옴므,7
레몬향,7
스킨향,7
받을때,7
물광화장,7
색보정,7
비슷한거,7
카멕스,7
종류별,7
mlbb,7
낮은편,7
쇼핑,7
완전만족,7
지하철,7
코랄색,7
설리,7
백탁현상,7
라라베시,7
노폐물,7
한장,7
잔여물,7
밝은호수,7
중하정,7
115호,7
밀착퍼프,7
타투,7
커버력짱,7
BP15,7
잉크래스팅파데,7
홀로그램,7
가벼운느낌,7
플러스,7
짐승용량,7
퍼스트에센스,7
모든것,7
건조해지지,7
파데쿠션,7
9호,7
누드핏,7
n201,7
손잡이,7
물광메이크업,7
치덕치덕,7
파데대신,7
디즈니,7
11번가,7
사방,7
디스어포어,7
비비라기,7
럭키박스,7
친구추천,7
씨씨중,7
언더에,7
자외선차단기능,7
5500원,7
자연모,7
뽀뽀해봄,7
립브러쉬,7
cc팩트,7
아톰,7
솜사탕향,7
열때,6
날렵,6
발라야할듯,6
로지바닐라,6
구매햇는데,6
강추강추,6
발림감,6
기대치,6
예쁜색,6
22호피부,6
짱짱템,6
남산컬러,6
부담스러울때,6
번거로움,6
스무스,6
21호기준,6
물먹인스펀지,6
쓰는제품,6
화장한거,6
홍조심,6
톤업베이스,6
3일째,6
클렌징오일,6
컬러임,6
2배,6
묻는거,6
투명한느낌,6
구버전,6
에스테틱,6
핌플패드,6
윤기나보,6
분비,6
좋아하는편,6
초민감성,6
쉬어글로우,6
23호분들,6
안한것,6
코옆쪽,6
최초,6
누래보,6
마개,6
라이트색상,6
삿음,6
매트파데,6
결정리,6
산산조각,6
장롱템,6
파티,6
트러블때문,6
앞쪽,6
제피부색,6
건성추천,6
보통피부,6
짝꿍,6
투명해보,6
중앙부분,6
크림블러셔,6
더블웨어쓰다,6
이쁜광,6
백프,6
수분보충,6
9월,6
두껍게발리지,6
온도,6
레베쥬,6
루스파우더,6
톤업용,6
구조,6
개꿀템,6
오케,6
만으,6
가슴,6
모공부분,6
파데색상,6
빠뤼르골드,6
색상면,6
영양크림,6
쿨톤피부,6
포어페셔널,6
유기자차,6
끝부분,6
난후,6
온몸,6
립글로즈,6
펌핑식,6
단어,6
지금으,6
개떡,6
걱정도,6
커보,6
수정한번,6
무거운감,6
5점만점,6
뷰티블렌더,6
좋은피부,6
좋을수,6
겨쿨,6
위화감,6
찹쌀떡,6
사용기간,6
실크래스팅,6
목도리,6
강제,6
떨어지는편,6
로드샵들,6
프로테일러ex,6
안성맞춤,6
휴대폰,6
경계선,6
약건성,6
쓸만한듯,6
미스트쿠션,6
적당한것,6
모공브러시,6
느낄정도,6
브라이트너,6
탁함,6
대참사,6
알콜향,6
51호,6
생각한것,6
별로일듯,6
뭐살까,6
맨손,6
8000원,6
싼편,6
윤광느낌,6
네트망,6
밀찰력,6
건선,6
그림,6
안될정도,6
계기,6
차단지수,6
온천수,6
떨어지는것,6
답답한거,6
몇가지,6
산소,6
쿠션망,6
뽀얘보,6
중요시하지,6
이런식,6
달라붙는느낌,6
용기때문,6
남동생,6
보송보송함,6
쓴듯,6
리얼베리어,6
다리,6
시원함,6
보습크림,6
여행용으,6
예약,6
특가,6
팔다리,6
뒤쪽,6
사용못,6
과일향,6
스프레이,6
달달한향,6
안맞더,6
운명,6
친구만,6
정착못,6
노란감,6
요령,6
쓸모,6
팟타입,6
유투버들,6
흑색,6
덩어리,6
도장,6
세계,6
선호하는편,6
모닝광쿠션,6
만들기,6
진한편,6
크림제형,6
본통색,6
순한것,6
퍼프때문,6
기업,6
중하정도,6
있으므,6
괜춘괜춘,6
수건,6
스포츠,6
거의안,6
일상,6
기초라인,6
수분광팩트,6
30ml,6
재앙,6
진흙,6
오휘,6
지우개,6
하얀사람,6
다른쿠션들,6
이상하지,6
본전,6
푸딩,6
가려움,6
껍질,6
반투명,6
펌핑형식,6
본제품,6
01모데라토,6
펜타곤,6
많이발,6
진짜별,6
지마켓,6
시험기간,6
비비같지,6
추억,6
잿빛때문,6
비비크림중,6
재생효과,6
공구,6
분리현상,6
오토,6
채우기,6
모나리자,6
낱개,6
스킨톡스,6
핑크레드,6
남성용,6
아침저녁,6
올인원제품,6
여름쿠션,6
씨씨만,6
입술각질,6
세밀,5
덜도,5
정교,5
퍼펙팅래스트,5
사용햇는데,5
뽀송뽀송함,5
두껍게발림,5
누드코랄,5
피부진정,5
추가리뷰,5
대량,5
지속력도별,5
경쟁력,5
아닌느낌,5
평들,5
열기,5
헤라블랙쿠션,5
무심,5
7천원,5
갑갑함,5
지워질때,5
속건조심,5
몇일전,5
특출,5
없는사람,5
기초탄탄하게,5
웜크림,5
돈낭비,5
버릴수,5
최선,5
키스미마스카라,5
립앤아,5
어떤제품,5
촉촉파데,5
얘때문,5
spf,5
매트한감,5
지속력짱짱,5
긴가민가,5
처박템,5
피지들,5
날아가듯,5
페탈색상,5
더블웨어파데,5
난뒤,5
사용량,5
몇방울,5
장점들,5
차원,5
납작파데브러쉬,5
매끄러워보,5
즉각적,5
보정력,5
핑크색상,5
퇴근때,5
속상함,5
물광피부표,5
건조건조,5
갈릴듯,5
파우더용,5
없기때문,5
자외선차단지수,5
전문가,5
기초튼튼히,5
성분때문,5
7스킨,5
블라인드,5
부모님,5
일어나더,5
레스팅실크,5
피부잡티,5
흔적들,5
무난합니다,5
뽀송한거,5
빡침,5
심장,5
사는편,5
액상,5
쓰기편,5
제생각,5
투톤,5
위치,5
사촌언니,5
없을정도,5
세럼파데,5
여성들,5
없으므,5
물광느낌,5
뜨지않음,5
포슬린컬러,5
되는느낌,5
페이스앤바디,5
촉촉퍼프,5
얼룩덜룩함,5
세미촉촉,5
프레시,5
거짓말안,5
꿀조합이,5
포지션,5
타사제품,5
비싸기만,5
고급져보,5
제기능,5
컬러코렉팅,5
기술력,5
얼룩덜룩하지,5
다른아이,5
가루타입,5
파우더칠,5
입장,5
밀착되지,5
흑빛,5
만족못,5
큰차,5
아이보리웜,5
이쁜피부표현,5
입점,5
모델,5
생각안,5
쓸수있을듯,5
성분표,5
어플리케이션,5
피부이기,5
무너짐때문,5
선호하기,5
쟁여놓을,5
피부표현가능,5
무매력,5
지수,5
아이오페쿠션,5
재형,5
무난한편,5
커버제,5
대세,5
실물,5
실핏줄,5
채도,5
겉보기,5
파이님,5
홀리듯,5
21호색상,5
세미매트타입,5
입생이,5
수정쿠션,5
글로우쿠션,5
쉽상,5
균형,5
제형자체,5
내톤,5
눈아래,5
악건성피부,5
함부,5
베트남,5
쫀쫀해보,5
평균이상,5
악평,5
좌우,5
종합적,5
나온제품,5
터치라이트,5
본론,5
모공끼임현상,5
수정화장하고,5
번들거리는거,5
보송보송해보,5
못생김,5
프로롱웨어,5
산화,5
아니긴,5
화사한색,5
12000원,5
뽀송해보,5
무난무난템,5
네번째,5
신경쓰는편,5
좋아하긴,5
각질정리,5
네추럴,5
발라보기,5
맨피부,5
여름파데,5
스파출,5
웻앤와일드,5
무너진거,5
상품평,5
헬씨믹스,5
피부인것,5
화사한것,5
사용할것,5
3시간정도,5
집근처,5
딴걸,5
매트한느낌,5
리뉴얼후,5
제작,5
있을정도,5
있는제품,5
핑크베이스임,5
입문용,5
파우더팩트,5
P01,5
차이나지,5
데일리용,5
어색함,5
포기할수,5
피부온도,5
밤이,5
피부자체,5
하트,5
꽃향기,5
그럴필요,5
3번정도,5
답답하기,5
루즈파우더,5
피부자극,5
퍼프자체,5
커버감,5
안들었음,5
컬러군,5
주위사람들,5
커버력제,5
토너로,5
좋다기,5
컨실로,5
올여름,5
AHC,5
외출용으,5
전남친,5
오이향,5
나이대,5
남자스킨,5
성분들,5
버터,5
입술색,5
세로,5
크레파스,5
떼르누보,5
기름뿜뿜,5
컬러베이스,5
동동떠보,5
화떡녀,5
한명,5
다홍,5
실망감,5
잿빛인간,5
붉은편,5
내피부인듯,5
결광파데,5
눈길,5
알바생,5
필요할때,5
보습막,5
미샤텐션퍼프,5
대다수,5
타입임,5
만족하는편,5
다른퍼프,5
사용중지,5
매쉬망,5
무너지는편,5
스킨스타,5
스킨톤,5
울엄마,5
20살때,5
화장법,5
많은사람들,5
베이지빛,5
찰떡퍼프,5
피부트러블이,5
있다는것,5
나오기전,5
여드름들,5
플레이트,5
많은양,5
이글립스,5
그물망,5
풀향,5
증정품,5
습관,5
여름한정,5
인조적,5
bb크림,5
옐로우스킨,5
딥베이지,5
재생기능,5
셀퓨전씨,5
피부관리실,5
회색톤,5
고모,5
허벌,5
건조할듯,5
체리레드,5
뜨는듯,5
소용량,5
꼬리쪽,5
눈썹털,5
등록,5
스킨밸런스,5
파우더안,5
단향,5
기름기름,5
책상,5
팁브러쉬,5
첫쿠션,5
소녀,5
cc임,5
눈썹가위,5
가위질,5
왼손잡,5
단내,5
립밤들,5
무민,5
14호,5
고사,4
알뜰,4
더도,4
여름내내,4
보송보송합니다,4
지속력진짜,4
무난무난함,4
발라야합니다,4
이만한거,4
요거요거,4
톡톡톡톡,4
사계절내내,4
컨실러바르고,4
평가단후기,4
17시간,4
홍조커버도,4
투명광안색,4
시크레드,4
바로바,4
컬렉션,4
노란느낌,4
글로우한거,4
두명,4
보송한느낌,4
듣기,4
맞는제품,4
화장직후,4
적긴,4
또하나,4
지속력별,4
2월,4
파데바르기전,4
로션바르듯,4
물어볼정도,4
2년전,4
엄두,4
로켓배송,4
고통,4
겸용,4
얼굴당김,4
비염,4
요철들,4
내손,4
선베이스,4
가벼운걸,4
각질때문,4
한순간,4
올라온것,4
내추럴톤,4
커버력임,4
외곽쪽,4
미디엄색상,4
15g,4
컨실러따,4
유투버분,4
눈가주름,4
카페,4
화장하는것,4
유튜버님,4
있다는점,4
나이들어보,4
선크림까지,4
힛팬,4
피니쉬파우더,4
마무리용,4
광나보,4
메포파우더,4
톤자체,4
베이스화장,4
영국,4
데일리화장,4
잘먹긴,4
점들,4
시너지효과,4
세분화,4
커버력면,4
로드샵제품,4
장바구니,4
루나솔,4
원래피부색,4
압박,4
차안,4
스틱파데인데,4
스틱파데중,4
생각했던거,4
4시쯤,4
화장시간,4
작렬,4
오는거,4
피부결표,4
우위,4
68000원,4
직원추천,4
리퀴드파운데이션,4
본색상,4
기존제품,4
부위별,4
너무좋아보,4
일요일,4
사건,4
날림,4
멍청,4
푸석해보,4
다같,4
더샘꺼,4
픽싱력,4
유광,4
초겨울,4
드펄,4
지들,4
밝은파데,4
결정돈,4
트러블걱정,4
필수적,4
각질끼임,4
붙는느낌,4
편의점,4
복합성피부임,4
어두운톤,4
똥빛,4
그이후,4
피치톤,4
두개씩,4
에뛰드파데,4
매트한파데,4
부담감,4
1분,4
안했음,4
지인분,4
시세이도쿠션,4
여드름흉터들,4
어머님들,4
여드름흔적,4
무너짐도별,4
리필두개,4
일반21호,4
홀린듯,4
추천템이,4
클리어,4
점원언니,4
싱크,4
수정용쿠션,4
가지고다니기,4
17000원,4
꽤많,4
육안,4
영역,4
촌스럽지,4
석고,4
메포꺼,4
연결,4
도는편,4
헤라꺼,4
뜻밖,4
부록,4
팔자주름끼임,4
누군가,4
밀착도잘,4
네이밍,4
이세상,4
그러므,4
래스트,4
웜톤분들,4
요즘날씨,4
이쁜듯,4
오일리하지,4
스파츌러,4
단지파데,4
루미너스실크,4
갠취,4
아주약간,4
가지뿐,4
테스트했을때,4
많이많,4
패턴,4
얇기,4
말도안,4
그말,4
없는제품,4
진공,4
약지성,4
피부톤임,4
퇴근길,4
얼굴피부,4
화농성여드름,4
블랜더,4
만원정도,4
부직포,4
미네랄,4
24호정도,4
깃털,4
컬러선택,4
말대,4
리뉴얼되기전,4
내것,4
사용한것,4
부어보,4
놀때,4
바른부분,4
전후,4
너무좋지,4
23호색상,4
수분촉촉,4
하얘짐,4
비비쓰다,4
색표현,4
쓸까말까,4
쿠크다스,4
파우치안,4
이내,4
꽃잎케이스,4
죄책감,4
조큼,4
증상,4
된다는점,4
백화점쿠션,4
오렌지빛,4
라인중,4
핏기,4
초봄,4
어떤것,4
개좋아보,4
퇴근시간,4
눈주변,4
색조화장,4
칭찬일색,4
예상외,4
혈관,4
자신감,4
개강,4
피부느낌,4
물방울모양,4
윗부분,4
성질,4
좋아하기때문,4
초점,4
극소량,4
팥알,4
튜브형식,4
트러블흔적,4
끈적한거,4
뻑뻑한느낌,4
확률,4
rmk베이스,4
없으신분들,4
묽은타입,4
화학성분,4
스팟,4
주변친구들,4
가격차이,4
상품권,4
메이뉴욕,4
물향,4
재료,4
페라리,4
컨실러브러쉬,4
흙색,4
보일때,4
체온,4
색갈,4
보라빛,4
워터드롭,4
운동할때,4
쌩얼느낌,4
메포쿠션,4
살바,4
생신선물,4
이정도가격,4
퓨어베이지,4
순서,4
유화,4
아기피부,4
쿠션정도,4
환상적,4
아는언니,4
뷰티유튜버들,4
화데,4
중고나라,4
안할수,4
다른애,4
밤타입,4
광채피부,4
바이오더마,4
윤곽,4
수지컨실러,4
더워보,4
패드토너,4
컨실쿠션,4
다이소퍼프,4
유투버님,4
이쁜색,4
모공사이,4
1시간만,4
간절기,4
120호,4
그런면,4
알콜냄새,4
공짜,4
아이보리퓨어,4
반딱,4
퍼펙트래스팅,4
피곤해보,4
세겹,4
미세먼지때문,4
뭉치듯,4
노랑색,4
바닐라향,4
생일쿠폰,4
색차이,4
쓰던것,4
아이프라이머,4
네이키드,4
앞뒤,4
들뜨는거,4
혼란,4
가릴것,4
그이상,4
스타파데,4
루나팩트,4
에센스쿠션,4
스스로,4
다이소똥퍼프,4
구입을,4
피부장벽,4
톤정리는,4
참을수,4
빛깔,4
이런점,4
위아래,4
가루들,4
톤업정도,4
셋트,4
뭐라해야,4
아는분,4
애경,4
피부화장하기,4
30분정도,4
리터치,4
예쁜광,4
고동색,4
누르듯,4
다른파운데이션,4
들고다니긴,4
여드름때문,4
장마,4
차단기능,4
측면,4
섞기,4
모공파운데이션,4
사용하는편,4
부족한거,4
노세범파우더,4
처발,4
파데느낌,4
만원대,4
피부커버,4
잘표현,4
뭔들,4
비비바를때,4
좋았던걸,4
실버비비,4
도서관,4
이거쓰고나서,4
같은라인,4
위생적이긴,4
공통점,4
다른비비들,4
저렴한가격,4
펄날림,4
닥터자르트비비,4
연두콩님,4
입술위,4
탱글탱글,4
모태,4
보습효,4
쌩얼연출,4
조상,4
중고딩,4
피부하얀편,4
머리색,4
펜슬타입,4
9800원,4
염색안,4
모발,4
비비자체,4
문릿비비,4
커버력은진짜,4
비비색깔,4
속쌍,4
6호,4
잠깐나갈때,4
수면팩,4
모이스춰라이저,4
숯검댕,4
숱정리,4
레트,4
워터풀,4
주변인들,4
로즈향,4
달달함,4
똥내,4
딸기향,4
입술상태,4
내입술,4
스머징,4
에너지에센스,4
각설,3
풍성,3
지속력도별로고,3
화떡느낌,3
핀란드색상,3
일정시간,3
오일한방울,3
이쁘게됩니다,3
요철커버는,3
좋지않음,3
겨울기준,3
기대ㄴㄴ,3
제격인듯,3
스노우색상,3
쉽지않음,3
강력추천합니다,3
기대햇는데,3
21호23호,3
가성비대비,3
표현되는듯,3
비비인듯,3
밀착력진짜,3
당황스러움,3
궁합인듯,3
이거만한거,3
어둑어둑,3
매트하지않음,3
충격먹음,3
생각햇는데,3
아쉬움ㅠㅠ,3
유명한거,3
들뜸현상이,3
건조하지않음,3
예쁨ㅠㅠ,3
적당한느낌,3
9500원,3
구천원,3
누드베이지,3
베이스임,3
빌드업,3
실용적,3
품절대란,3
5월,3
입가쪽,3
병파데,3
살만한것,3
있는곳,3
최애탬,3
충동적,3
보람,3
피부밀착,3
종이,3
구뗑미,3
자석,3
잇는편,3
이거자체,3
8만원짜리,3
기계,3
잘발리기,3
잘섞,3
이쪽,3
좋은아,3
건겅,3
전용리무버,3
에센스성분,3
써볼생각,3
최악템,3
강자,3
대체제,3
써본사람,3
이런류,3
피운데이션,3
사용해야할것,3
103호,3
얇게발리긴,3
안정적,3
농도,3
처리안,3
나왔더,3
좋다는것,3
다크커버,3
회생,3
가을쯤,3
투명파우더,3
에어쿠션퍼프,3
맥이,3
구매전,3
두껍게한거,3
인생템등극,3
보송보송하지,3
수분케어,3
클렌저,3
조아보,3
전성분,3
그자리,3
1대1,3
아토피피부,3
관상용,3
감흥,3
무거운듯,3
초중반,3
요녀석,3
블렌딩퍼프,3
매트할것,3
스틱제형,3
피뷰,3
사촌언니꺼,3
파데브러시,3
uhd파우더,3
압도적,3
13시간,3
건성타입,3
택스쳐,3
풀커버리지,3
좁쌀들,3
완전별,3
부족한편,3
달팽이비비,3
만지기,3
타이틀,3
11월,3
에멀젼,3
느낌적인느낌,3
눈앞,3
회식,3
귀찮긴,3
묘사,3
된다기,3
오분,3
마크,3
가부키브러쉬,3
화장지속력,3
우둘투둘,3
사기템,3
견딜만,3
35000원,3
심해보,3
오일베이스,3
좋지못,3
저가격,3
내취향,3
제일밝은색상,3
밀착이잘,3
안맞을수,3
화사한화장,3
톤임,3
수정메컵,3
말한것,3
팁부분,3
찍은걸,3
중점적,3
못할정도,3
말했다싶,3
힘들정도,3
두드리는것,3
핑베느낌,3
코유분,3
스타터,3
견해,3
아이보리색상,3
5시쯤,3
무른제형,3
메디힐,3
거격,3
고유,3
입생로랑쿠션,3
중후,3
발라야할것,3
휘발,3
건성파데,3
된걸,3
제품성,3
세일중,3
유툽,3
거금,3
여러브랜드,3
6만원대,3
거울속,3
콤보,3
계속쓰게,3
엘로우베이스,3
퍼프류,3
22호분들,3
래실2호,3
파데대용,3
바리에이션,3
공급,3
로드샵쿠션,3
한편,3
화장하는편,3
기본베이스,3
대한민국,3
후반대,3
잡지부록,3
써보신분,3
지대,3
도화지,3
매치,3
단체,3
두번발,3
바르는용,3
높아보,3
피지부각,3
사용제품,3
입체적,3
흐를정도,3
한스킨파데,3
페어컬러,3
두제품,3
로드샵중,3
유수분감,3
불편한점,3
시망,3
회사동료,3
빈통,3
누르기,3
위안,3
쓰시는걸,3
크림파운데이션,3
평균적,3
21호구매,3
핑베임,3
느낌ㅜㅜ,3
80프,3
된다는것,3
왕뾰루지,3
두껍게발리는감,3
늙어보,3
엠버,3
매트쿠션,3
지속력또,3
붉은자국,3
헤라쿠션,3
수염,3
제품컬러,3
전체커버,3
01n,3
아이소,3
인터넷면세,3
좁살여드름,3
짭로르,3
N00,3
자연스러운느낌,3
황토빛,3
비싼화장품,3
화사한컬러,3
이뻐보인다고,3
윤기창조,3
사는것,3
어찌어찌,3
펌프형식,3
필요없을정도,3
처리한것,3
한파주의보,3
세일한다고,3
컬러스테이,3
서양인들,3
누렁누렁하지,3
주력,3
벗겨짐,3
메이크업픽서,3
아이보리컬러,3
양대산맥,3
글로우하지,3
커버는안,3
비중,3
피부턴,3
붉어보,3
다른계절,3
샀을거,3
좋기때문,3
커버력부분,3
퍼펙트커버,3
효과적,3
추천대,3
7천원대,3
트윈케익,3
파우더브러쉬,3
찾은듯,3
화장위에,3
휴식,3
최강자,3
멀쩡하더,3
78000원,3
시원한느낌,3
세미매트느낌,3
자연스러운피부표현,3
스탈,3
칙칙한편,3
글자,3
하얗더,3
봄날,3
부자연스럽지,3
조정,3
없는분,3
앞부분,3
디렉터파이님,3
코스메틱,3
리퀴드컨실러,3
무엇인지,3
4만원대,3
광메이크업,3
커력,3
구입하기,3
날라감,3
뭔지모,3
아니신분들,3
윗면,3
기름제거,3
무늬,3
직빵,3
베리떼쿠션,3
선쿠션,3
삼각형,3
쿠션주제,3
자리차지,3
엉덩이,3
아르마니쿠션,3
프루프,3
템들,3
여름용파데,3
사는걸,3
취향차,3
케이스자체,3
더좋아보,3
연령대,3
반톤이,3
기념,3
피부당김,3
부각되는것,3
21호쯤,3
밝아지긴,3
물제형,3
어딕션,3
톤업용으,3
얼굴외곽,3
어렸을때,3
고보습,3
아기들,3
중학교때,3
스크럽,3
로션타입,3
특색,3
블로그후기,3
신뢰도,3
극건성피부,3
보석파데,3
언니말,3
뉴트리브,3
쿨바닐라색상,3
찝찝함,3
스무살때,3
청량감,3
여성분,3
여친,3
첫인상이,3
남색,3
물타입,3
조그마,3
쌩얼일때,3
기능면,3
f사,3
손고자,3
퍽퍽함,3
잡아주기,3
작년여름,3
많기때문,3
쌩얼인것,3
지속력밀착력,3
괜한걱정,3
제품중하나,3
여드름성피부,3
초건성,3
n13호,3
존똑,3
살릴수,3
팟컨실러,3
주름사이,3
셔츠,3
원래피부톤,3
낮은걸,3
답답하더,3
것중,3
아침용,3
벼룩,3
카드,3
셀프,3
연말,3
처음화장할때,3
2정도,3
요술봉,3
다별,3
공기중,3
초반대,3
위생면,3
필요한부분,3
피부표연,3
첫단계,3
스틱쿠션,3
반비례,3
더샘쿠션,3
볼주변,3
빨간색,3
대환영,3
더블웨어파운데이션,3
받아보기전,3
천원,3
파우더처리안,3
고비색상,3
그거뿐,3
심정,3
안경자국,3
얇게발리면서,3
색상명,3
운동후,3
호평,3
사용해본적,3
뒷쪽,3
애착,3
두서,3
분홍기,3
않는편,3
웜톤22호,3
차앤박제품,3
에센셜,3
환공포증,3
희망,3
건성화,3
양조절못,3
사용해본결,3
유형,3
잘한것,3
쓰기때문,3
밝은컨실러,3
완성도,3
효능,3
장식용,3
하얀감,3
진저컬러,3
뉴트럴컬러,3
마디,3
건성친구,3
우익이,3
두껑,3
엘리베이터,3
23호사,3
추위,3
두어개,3
수입,3
색깔별,3
다녔음,3
잔각질,3
오는듯,3
제품케이스,3
급한데,3
반딱반딱,3
두려움,3
제품때문,3
발등,3
쎈편,3
잡티부분,3
이쯤,3
뉴트럴베이스,3
써본것들,3
싫더,3
피부좋은사람들,3
전용퍼프,3
타투파데,3
다쓴거,3
몇명,3
파데스틱,3
저녁8시,3
레나님,3
프라이머기능,3
피니셔,3
더운나라,3
건더기,3
하는마음,3
남은걸,3
기대반,3
국물,3
스킨파데,3
어마마마,3
커버1도,3
피부고민,3
접촉성피부염,3
애용할것,3
오해,3
건성녀,3
컨실러용,3
보편적,3
모노그램에디션,3
힘조절,3
엄청자연,3
쿠션정착,3
각질정돈,3
퍼펙팅쿠션,3
타겟층,3
모공가리기,3
기미주근깨,3
뜨는경향,3
만능템,3
스피드,3
신분,3
늦가을,3
마성,3
기초화장품,3
삼십분,3
좋은성분,3
물토너,3
포토샵,3
V203,3
쓰는법,3
날때,3
발리는느낌,3
슬로건,3
순한편,3
쿠션비비,3
선블럭,3
상상속,3
펜타곤스펀지,3
소셜커머스,3
무서울정도,3
벨벳느낌,3
이상해보,3
커버력필요,3
수정하게,3
새걸,3
일때,3
커버스테,3
회색느낌,3
아랫분,3
피부진짜좋아보,3
최우선,3
모이스춰라이징,3
밀착커버,3
무료샘플,3
피부톤정돈,3
작별,3
바이바,3
도는걸,3
우선적,3
아줌마들,3
1호2호,3
비비크림들,3
촉촉촉촉,3
밀리는것,3
쫀쫀한느낌,3
시술받고,3
난것,3
미용목적,3
안할때,3
컬러크림,3
회색인간,3
웜톤쪽,3
모찌같,3
잘흡수,3
쌩얼피부,3
색상별,3
버릇,3
썬기능,3
않기때문,3
재생력,3
비비만으,3
이제품하나,3
커버할것,3
무슨일,3
리필세트,3
3일차,3
한색,3
피부건강,3
립라커,3
인생템발견,3
싼것,3
학생입장,3
의약품,3
촉촉한비비,3
쌩얼연출용,3
완전건성,3
뷰티넷,3
피지조절,3
살돈,3
BR5,3
레드립,3
매트포뮬라,3
흑발,3
반영구,3
날카,3
개별포장,3
낱개포장,3
여신광채,3
대실망,3
비비파데,3
순한느낌,3
실버라벨쓰다,3
피부과화장품,3
화장떡칠,3
구찌,3
플로랄향,3
달콤한향,3
여성여성,3
여러명,3
독한향,3
4일차,3
화장품가게,3
스킨톡스비비,3
나갈일,3
900원,3
티몬,3
인간적,3
쿠션디자인,3
머릿결,3
타올,3
코랄빛,3
오렌지색상,3
오곡,3
수정하는걸,3
샴푸,3
희열,3
정리해줘야,3
쓴것중,3
본격적,3
딱풀,3
그냥별,3
코튼캔디,3
기획,3
당김현상,3
진공펌핑,3
아쿠아젤,3
머스크향,3
수분공급,3
스프링,3
학교용,3
25000원,3
일반쿠션,3
망치,3
5일차,3
조화로움,3
핑크펄,3
자몽향,3
33호,3
어퓨아울렛,3
뉴트럴베이지,3
뉴트럴민트,3
